ZN,INDUS,NOX,RM,AGE,DIS,TAX,PTRATIO,LSTAT,MEDV
1.0747443033429982,-1.3009139763293394,0.13216449559953386,0.9943572420357005,0.04893244772293871,-0.015950324953304115,-0.4983240968903619,-2.0988890415778085,-1.4300631058633277,24.0
-0.4997754461155184,-0.5275877179512043,-0.6433919125699034,0.595706329156121,0.5621756125907493,0.4815137820915324,-0.8893194204815478,-0.6247908492217029,-0.4935148600931268,21.6
-0.4997754461155184,-1.3220342312850448,-0.7670313399592333,0.6190041097789521,-0.1945770830537597,1.10262077516507,-1.0341325032930981,-0.09411549997350566,-1.3782827941981484,28.7
0.593641046564007,-0.39761691822378664,-0.025194775623250502,-0.4630483680370506,0.10138065435176574,0.8180719865384664,-0.38971428478169917,-2.157852969272054,0.24716872850878674,22.9
0.593641046564007,-0.39761691822378664,-0.025194775623250502,-0.04886560140891536,1.2065392940306279,1.0392679753054097,-0.38971428478169917,-2.157852969272054,1.7600543562914186,27.1
0.593641046564007,-0.39761691822378664,-0.025194775623250502,-0.4837575063684573,0.824416645734886,1.4031637352871305,-0.38971428478169917,-2.157852969272054,1.298534187101777,18.9
0.593641046564007,-0.39761691822378664,-0.025194775623250502,0.48180606833338263,1.13910588550785,1.2639804131245458,-0.38971428478169917,-2.157852969272054,2.052725683094607,15.0
0.593641046564007,-0.39761691822378664,-0.025194775623250502,-0.4708142949113261,0.712027631530256,1.1959201088885631,-0.38971428478169917,-2.157852969272054,0.43627943198161573,18.9
0.593641046564007,-0.39761691822378664,-0.025194775623250502,-0.7814513698824276,-0.9325982763308304,0.7559102420029354,-0.38971428478169917,-2.157852969272054,0.9856009992122146,21.7
-0.4997754461155184,-0.3537517733157831,0.13216449559953386,-0.626132832396878,-0.0784417683756422,0.33427665726102296,-0.41867690134400926,1.262054836994112,-0.6916308351599002,20.4
-0.4997754461155184,-0.3537517733157831,0.13216449559953386,-0.24560241555727844,0.7719684391060585,0.1949799012580454,-0.41867690134400926,1.262054836994112,-0.24136725546268822,18.2
-0.4997754461155184,-0.3537517733157831,0.13216449559953386,-0.9238266959108504,-0.2769956934704885,0.2157950109702166,-0.41867690134400926,1.262054836994112,-0.6443531592916928,19.9
-0.4997754461155184,-0.3537517733157831,0.13216449559953386,-0.6623738244768403,-1.295989422259134,0.2157950109702166,-0.41867690134400926,1.262054836994112,-1.0698522421055583,23.1
-0.4997754461155184,-0.3537517733157831,0.13216449559953386,-0.5199984984484175,0.667072025848404,0.07927738405687511,-0.41867690134400926,1.262054836994112,0.7514639377696641,17.5
-0.4997754461155184,-0.3537517733157831,0.13216449559953386,-1.2008114210934138,0.21002336808290833,-0.1824144857304782,-0.41867690134400926,1.262054836994112,-0.01173282981711023,18.2
-0.4997754461155184,-0.3537517733157831,0.13216449559953386,-1.6072282608472712,1.2814653035003811,-0.18162044884772516,-0.41867690134400926,1.262054836994112,2.1810508033083122,13.6
-0.4997754461155184,-0.3537517733157831,0.13216449559953386,-0.5847145557340645,0.948044561359979,-0.06001937194610292,-0.41867690134400926,1.262054836994112,0.5623532342968351,19.6
-0.4997754461155184,-0.3537517733157831,0.13216449559953386,-0.126524870151689,1.0417020731971707,-0.0800971616957176,-0.41867690134400926,1.262054836994112,1.6632476866565182,15.2
-0.4997754461155184,-0.3537517733157831,0.13216449559953386,-0.9781881840307929,1.3526450124966471,-0.013001045103078023,-0.41867690134400926,1.262054836994112,1.9244005628809011,14.5
-0.4997754461155184,-0.3537517733157831,0.13216449559953386,-0.6908488896825227,1.1316132845608744,0.15964525997553133,-0.41867690134400926,1.262054836994112,1.1184287552228922,15.6
-0.4997754461155184,-0.3537517733157831,0.13216449559953386,-0.9781881840307929,0.9892538665683431,0.3198138426108771,-0.41867690134400926,1.262054836994112,0.7829823883484691,16.6
-0.4997754461155184,-0.3537517733157831,0.13216449559953386,0.7872658587216329,1.1428521859813379,0.1908962830038864,-0.41867690134400926,1.262054836994112,0.33046749075277115,18.4
-0.4997754461155184,-0.3537517733157831,0.13216449559953386,1.2506328288868596,0.8768648523637131,0.06855788613970765,-0.41867690134400926,1.262054836994112,0.14585942307691419,21.0
-0.4997754461155184,-0.3537517733157831,0.13216449559953386,-1.2370524131733762,1.1316132845608744,0.06515487092790839,-0.41867690134400926,1.262054836994112,2.53675903126911,12.7
-0.4997754461155184,-0.3537517733157831,0.13216449559953386,-0.3077298305514987,1.3526450124966471,0.032259057213850216,-0.41867690134400926,1.262054836994112,0.38449912031643624,14.5
-0.4997754461155184,-0.3537517733157831,0.13216449559953386,-1.2681161206704876,1.1653299888222637,-0.1876891593087669,-0.41867690134400926,1.262054836994112,1.5799489244125344,13.1
-0.4997754461155184,-0.7079222025729963,-0.30619347423536547,-0.6675511090596915,0.16132146192756874,-0.429813691628275,-0.6214152172801797,0.20070413849771548,-0.3719436935748797,18.9
-0.4997754461155184,-0.7079222025729963,-0.30619347423536547,-0.9057061998708681,-0.09342697026959283,-0.4198315136736643,-0.6214152172801797,0.20070413849771548,0.01753430286320872,20.0
-0.4997754461155184,-0.7079222025729963,-0.30619347423536547,-0.8824084192480369,-0.8389407644936387,-0.10431528661968806,-0.6214152172801797,0.20070413849771548,-0.5768136223371112,21.0
-0.4997754461155184,-0.7079222025729963,-0.30619347423536547,-0.5821259134426378,-1.2622727179977453,-0.15360229027057878,-0.6214152172801797,0.20070413849771548,-0.2706343881430068,24.7
-0.4997754461155184,-0.5535818778966879,-0.8794308194040793,1.4991424888637384,-2.2850127472598785,0.9090459265338966,-0.9544853077467454,-0.56582692152746,-1.4615815564421326,26.6
-0.4997754461155184,-0.5535818778966879,-0.8794308194040793,-0.056631528283193185,-2.1463996297408348,0.9090459265338966,-0.9544853077467454,-0.56582692152746,-1.243203720288985,25.3
-0.4997754461155184,-0.5535818778966879,-0.8794308194040793,0.052091447956694036,-2.1501459302143227,0.9090459265338966,-0.9544853077467454,-0.56582692152746,-0.876238902835757,24.7
-0.4997754461155184,-0.5535818778966879,-0.8794308194040793,-0.31549575742577657,-0.8951352715959537,0.9090459265338966,-0.9544853077467454,-0.56582692152746,-0.40121082625519827,21.2
-0.4997754461155184,-0.5535818778966879,-0.8794308194040793,-1.3173003242075767,-1.1274059009521893,0.5571174367136694,-0.9544853077467454,-0.56582692152746,-0.2526238449551183,19.3
-0.4997754461155184,-0.5535818778966879,-0.8794308194040793,-1.048081525899291,-1.1461374033196277,0.5571174367136694,-0.9544853077467454,-0.56582692152746,0.6343954070483891,20.0
-0.4997754461155184,-0.5535818778966879,-0.8794308194040793,-0.41645280679138363,0.8094314438409352,0.891180096671951,-0.9544853077467454,-0.56582692152746,1.681258229844407,16.6
-0.4997754461155184,-0.5535818778966879,-0.8794308194040793,-1.5243917075216442,-0.07094916742866678,1.1170835898152165,-0.9544853077467454,-0.56582692152746,1.0959155762380313,19.4
1.3371642615860841,-0.7599105224639634,-0.9805903509044407,-0.5898918403169155,-0.6815961446071566,1.529415599644878,-0.8820787663409703,-1.2144301261641453,0.47680315415436475,19.7
1.3371642615860841,-0.7599105224639634,-0.9805903509044407,-0.1964182120201871,-0.03348616269379009,1.529415599644878,-0.8820787663409703,-1.2144301261641453,-0.42822664103703123,20.5
1.3371642615860841,-0.7599105224639634,-0.9805903509044407,0.8286841353844464,-1.603186061085123,1.529415599644878,-0.8820787663409703,-1.2144301261641453,-1.3625235689087458,25.0
1.3371642615860841,-0.7599105224639634,-0.9805903509044407,-0.4992893601170107,-1.59194715966466,1.529415599644878,-0.8820787663409703,-1.2144301261641453,-0.6533584308856372,23.4
1.6870575392435323,-0.8427669072901921,-0.8232310796816563,-0.11875894327741347,-1.299735722732622,2.0966415185315963,-0.5852119465772921,0.4955237769689366,-1.0068153409479486,23.3
1.6870575392435323,-0.8427669072901921,-0.8232310796816563,-0.6830829628082471,-0.6254016375048416,1.595944547035551,-0.5852119465772921,0.4955237769689366,-0.47550431690523826,19.6
1.6870575392435323,-0.8427669072901921,-0.8232310796816563,-1.1645704290134538,0.0863954524578154,1.7623519908925283,-0.5852119465772921,0.4955237769689366,0.40926361719978316,18.7
1.6870575392435323,-0.8427669072901921,-0.8232310796816563,-0.5821259134426378,1.1053891812464611,1.5315708426123509,-0.5852119465772921,0.4955237769689366,0.6996836261044848,16.0
1.6870575392435323,-0.8427669072901921,-0.8232310796816563,0.6863088093560258,0.14633626003361785,1.7624087078127253,-0.5852119465772921,0.4955237769689366,-1.0360824736282672,22.2
1.6870575392435323,-0.8427669072901921,-0.8232310796816563,1.4784333505323315,-0.7677610554973731,2.1908483229782356,-0.5852119465772921,0.4955237769689366,-0.41246741574762874,25.0
0.593641046564007,-0.6900512176104764,-1.3177887892389786,-0.8099264350881121,-1.59194715966466,1.3497931133820806,-0.14353204400206365,0.023812355414982375,-0.7276519215356771,22.0
0.593641046564007,-0.6900512176104764,-1.3177887892389786,-1.545100845853051,-1.0150168867475593,1.3497931133820806,-0.14353204400206365,0.023812355414982375,0.3957557098088667,17.4
0.593641046564007,-0.6900512176104764,-1.3177887892389786,-0.791805939048132,-1.1573763047400905,1.3497931133820806,-0.14353204400206365,0.023812355414982375,-0.5723109865401391,20.9
-0.4997754461155184,0.08002577077447325,-1.2728289974610403,0.5853517599904164,-2.1463996297408348,0.6631213605612126,-0.43315820962516427,0.20070413849771548,-1.0383337915267534,24.2
-0.4997754461155184,0.08002577077447325,-1.2728289974610403,-0.5950691248997667,-1.738052878130679,0.6631213605612126,-0.43315820962516427,0.20070413849771548,-0.3269173356051583,21.7
-0.4997754461155184,0.08002577077447325,-1.2728289974610403,-0.3258503265914788,-2.1014440240589827,0.6631213605612126,-0.43315820962516427,0.20070413849771548,-1.3084919393450807,22.8
-0.4997754461155184,0.08002577077447325,-1.2728289974610403,0.1401052858651722,-2.1613848316347855,0.6631213605612126,-0.43315820962516427,0.20070413849771548,-0.8537257238508964,23.4
-0.4997754461155184,0.40820204008620276,-1.0030702467934098,0.21258727002509473,-2.168877432581761,0.07564750116428927,0.2402226254485447,-0.09411549997350566,-1.0248258841358369,24.1
-0.4997754461155184,0.40820204008620276,-1.0030702467934098,0.2462396198136304,-0.7078202479215703,0.21806368777808297,0.2402226254485447,-0.09411549997350566,-0.5385412180628482,21.4
-0.4997754461155184,0.40820204008620276,-1.0030702467934098,0.22811912377365037,0.39733839175729174,-0.03738932078763855,0.2402226254485447,-0.09411549997350566,0.14360810517842817,20.0
-0.4997754461155184,0.40820204008620276,-1.0030702467934098,-0.13170215473454241,-0.6778498441336691,-0.01566674035232101,0.2402226254485447,-0.09411549997350566,-0.2391159375642022,20.8
-0.4997754461155184,0.40820204008620276,-1.0030702467934098,0.1064529360766365,-0.3818921067281431,0.5081707345839588,0.2402226254485447,-0.09411549997350566,0.22690686742241223,21.2
-0.4997754461155184,0.40820204008620276,-1.0030702467934098,-0.8202810042538167,-1.0225094876945344,0.21806368777808297,0.2402226254485447,-0.09411549997350566,-0.5025201316870712,20.3
1.6870575392435323,-0.8866320521981955,-1.1267096741827405,1.387830870332429,-1.138644802372652,0.7274383480642159,-0.6069339089990247,0.08277628310922744,-1.3602722510102598,28.0
1.6870575392435323,-0.8866320521981955,-1.1267096741827405,1.1082575028584365,0.24374007234429754,0.7274383480642159,-0.6069339089990247,0.08277628310922744,-0.9257678966024504,23.9
1.6870575392435323,-0.8866320521981955,-1.1267096741827405,0.2876578964764439,-1.1873467085279916,0.7274383480642159,-0.6069339089990247,0.08277628310922744,-1.0383337915267534,24.8
1.6870575392435323,-0.8866320521981955,-1.1267096741827405,-0.0618088128660443,-0.6441331398722798,0.7274383480642159,-0.6069339089990247,0.08277628310922744,-0.8604796775463547,22.9
-0.4997754461155184,-0.9467435470721263,-0.8681908714595947,0.5128697758304939,-0.5954312337169403,0.375056122882416,-0.8531161497786601,-0.2120433553619937,-0.38545160096579617,23.9
-0.4997754461155184,-0.9467435470721263,-0.8681908714595947,1.1367325680641212,-0.2919808953644391,0.18125440657045583,-0.8531161497786601,-0.2120433553619937,-1.0811088315979884,26.6
-0.4997754461155184,-0.9467435470721263,-0.8681908714595947,-0.4552824411627728,-0.7040739474480826,0.17529912994980712,-0.8531161497786601,-0.2120433553619937,0.3439753981436872,22.5
-0.4997754461155184,-0.9467435470721263,-0.8681908714595947,-0.18088635827163146,-0.2657567920500256,-0.21014905970664122,-0.8531161497786601,-0.2120433553619937,-0.6511071129871512,22.2
-0.4997754461155184,-1.12220412670414,-0.41859295368021143,2.1126507119316633,0.8394018476288364,-0.3949895026275306,-0.6865811045453774,-0.6247908492217029,-1.3129945751420526,23.6
-0.4997754461155184,-1.12220412670414,-0.41859295368021143,2.299032956914324,-0.02973986222030237,-0.3990731208816896,-0.6865811045453774,-0.6247908492217029,-1.2679682171723314,28.7
-0.4997754461155184,-1.12220412670414,-0.41859295368021143,0.5853517599904164,0.0826491519843274,-0.581815037755303,-0.6865811045453774,-0.6247908492217029,-0.5678083507431667,22.6
-0.4997754461155184,-1.12220412670414,-0.41859295368021143,0.5542880524933074,0.3748605889163659,-0.5819284715956963,-0.6865811045453774,-0.6247908492217029,-0.7051387425508167,22.0
1.9494774974866185,0.7672463743331939,-0.6995916522923258,0.6500678172760634,-0.38563840720163084,-0.25648678350730586,-0.6865811045453774,-0.3889351384447268,-0.7141440141447607,22.9
1.9494774974866185,0.7672463743331939,-0.6995916522923258,0.052091447956694036,-1.3109746241530849,-0.25648678350730586,-0.6865811045453774,-0.3889351384447268,-1.1531510043495423,25.0
1.9494774974866185,0.7672463743331939,-0.6995916522923258,0.15045985503087442,0.5022348050149463,-0.2853556958874018,-0.6865811045453774,-0.3889351384447268,-0.16707376481264824,20.6
-0.4997754461155184,-1.2066851465269615,-0.9131506632375331,1.1237893566069923,-0.22829378731514893,-0.35330256628299117,-0.6431371797019122,-0.5068629938332149,-1.0540930168161557,28.4
-0.4997754461155184,-1.2066851465269615,-0.9131506632375331,-0.07216338203174653,0.2137696685563958,-0.35330256628299117,-0.6431371797019122,-0.5068629938332149,0.00177507757380624,21.4
-0.4997754461155184,-0.28551710345888887,-0.07015456740118889,1.387830870332429,0.599638617325626,-0.7601897517737739,0.13885346748045946,1.203090909299867,-0.4304779589355172,27.5
-0.4997754461155184,-0.28551710345888887,-0.07015456740118889,1.527617554069423,0.27745677660568624,-0.7157804032597952,0.13885346748045946,1.203090909299867,-0.8244585911705777,26.5
-0.4997754461155184,-0.28551710345888887,-0.07015456740118889,-0.13946808160882024,0.8806111528372011,-0.7959781284178614,0.13885346748045946,1.203090909299867,0.4745518362558787,19.3
-0.4997754461155184,-0.28551710345888887,-0.07015456740118889,-0.0618088128660443,0.9780149651478802,-0.962555723035429,0.13885346748045946,1.203090909299867,0.22465554952392622,20.1
-0.4997754461155184,-0.28551710345888887,-0.07015456740118889,-0.8798197769566102,1.2290170968715541,-1.1407035693731133,0.13885346748045946,1.203090909299867,1.1567011594971548,19.5
-0.4997754461155184,-0.28551710345888887,-0.07015456740118889,-0.918649411327997,1.0491946741441462,-1.0816612554483986,0.13885346748045946,1.203090909299867,1.6497397792656021,19.5
-0.4997754461155184,-0.28551710345888887,-0.07015456740118889,-0.1653545045230781,0.7981925424204723,-1.1319124467426325,0.13885346748045946,1.203090909299867,0.6208874996574727,20.4
-0.4997754461155184,-0.28551710345888887,-0.07015456740118889,0.7329043706016904,1.2440022987655044,-0.9558064095320273,0.13885346748045946,1.203090909299867,0.21114764213300974,19.8
-0.4997754461155184,-0.28551710345888887,-0.07015456740118889,0.09868700920235868,1.0229705708297323,-0.8921700250713835,0.13885346748045946,1.203090909299867,0.9495799128364376,19.4
-0.4997754461155184,-0.28551710345888887,-0.07015456740118889,0.010673171293880514,-0.35566800341372956,-0.7601897517737739,0.13885346748045946,1.203090909299867,0.3754938487224922,21.7
-0.4997754461155184,-0.04994502895294451,0.23332402709989525,1.3567671628353177,0.663325725374916,-0.817076822731016,0.48640486622818024,-0.6247908492217029,-0.2638804344475488,22.8
-0.4997754461155184,-0.04994502895294451,0.23332402709989525,-0.7193239548882072,1.0866576788790228,-1.0008963610883657,0.48640486622818024,-0.6247908492217029,1.0981668941365177,18.8
-0.4997754461155184,-0.04994502895294451,0.23332402709989525,-0.25595698472298295,1.1803151907162146,-0.8905252343856807,0.48640486622818024,-0.6247908492217029,1.2962828692032906,18.7
-0.4997754461155184,-0.04994502895294451,0.23332402709989525,0.16340306648800337,0.7607295376855956,-1.0558550567589218,0.48640486622818024,-0.6247908492217029,-0.19859221539145322,18.5
-0.4997754461155184,-0.04994502895294451,0.23332402709989525,-0.038511032243210834,0.3224123822875384,-0.7872437227075769,0.48640486622818024,-0.6247908492217029,0.15936733046783028,21.2
-0.4997754461155184,-0.04994502895294451,0.23332402709989525,-0.43975058741421713,0.7007887301097926,-0.7774316955135563,0.48640486622818024,-0.6247908492217029,-0.2323619838687438,19.2
-0.4997754461155184,-0.04994502895294451,0.23332402709989525,-1.1904568519277117,0.04893244772293871,-0.7707390989303513,0.48640486622818024,-0.6247908492217029,0.5128242405301418,19.3
-0.4997754461155184,2.4909841057180704,0.6154822572123704,-0.8306355734195189,0.21751596902988377,-1.0551744537165622,-1.2803147440727336,0.14174021080347252,0.6839244008150822,22.0
-0.4997754461155184,2.4909841057180704,0.6154822572123704,-0.4837575063684573,0.7569832372121076,-1.0893747565951433,-1.2803147440727336,0.14174021080347252,0.6614112218302217,20.3
-0.4997754461155184,2.4909841057180704,0.6154822572123704,-0.5950691248997667,1.0866576788790228,-1.1520469534124438,-1.2803147440727336,0.14174021080347252,1.4853935726761196,20.5
-0.4997754461155184,2.4909841057180704,0.6154822572123704,-0.8073377927966877,1.1953003926101649,-1.1977607910909456,-1.2803147440727336,0.14174021080347252,1.4065974462291073,18.8
-0.4997754461155184,2.4909841057180704,0.6154822572123704,-0.530353067614122,0.9180741575720778,-1.205360858397297,-1.2803147440727336,0.14174021080347252,0.7829823883484691,21.4
-0.4997754461155184,1.8801213469992077,1.098800018825208,-1.2888252590018943,1.2027929935571404,-1.3214036771196473,0.5226081369310678,1.3799826923826,1.3187960481881515,16.2
-0.4997754461155184,1.8801213469992077,1.098800018825208,0.6215927520703788,1.3076894068147948,-1.3076781824320574,0.5226081369310678,1.3799826923826,0.9135588264606607,18.0
-0.4997754461155184,1.8801213469992077,1.098800018825208,-1.4337892273217416,1.1540910874018007,-1.2127340580228618,0.5226081369310678,1.3799826923826,1.577697606514048,14.3
-0.4997754461155184,1.8801213469992077,1.098800018825208,0.691486093938877,1.311435707288283,-1.1341244066303018,0.5226081369310678,1.3799826923826,0.2854411327830497,19.2
-0.4997754461155184,1.8801213469992077,1.098800018825208,0.3497853114706642,1.2664801016064309,-1.0476311033304073,0.5226081369310678,1.3799826923826,0.20889632423452373,19.6
-0.4997754461155184,1.8801213469992077,1.098800018825208,0.4688628568762537,1.2739727025534062,-1.0156427603394955,0.5226081369310678,1.3799826923826,-0.04775391619288722,23.0
-0.4997754461155184,1.8801213469992077,1.098800018825208,-0.9548904034079595,1.1803151907162146,-0.934821149059266,0.5226081369310678,1.3799826923826,0.8325113821151622,18.4
-0.4997754461155184,1.8801213469992077,1.098800018825208,0.3730830920934977,1.285211603973869,-1.1385483264056406,0.5226081369310678,1.3799826923826,1.2670157365229722,18.1
-0.4997754461155184,1.8801213469992077,1.098800018825208,-0.644253328436858,1.1091354817199486,-1.2201072576484266,0.5226081369310678,1.3799826923826,1.2535078291320552,17.4
-0.4997754461155184,1.8801213469992077,1.098800018825208,0.6811315247731724,1.2927042049208446,-1.2865227711987062,0.5226081369310678,1.3799826923826,0.7334533945817757,17.1
-0.4997754461155184,1.8801213469992077,1.098800018825208,-0.8642879232080546,1.285211603973869,-1.38929383059504,0.5226081369310678,1.3799826923826,2.248590340262894,13.3
-0.4997754461155184,1.8801213469992077,1.098800018825208,-0.10322708952885783,1.2739727025534062,-1.3892371136748431,0.5226081369310678,1.3799826923826,1.6047134212958811,17.8
-0.4997754461155184,1.8801213469992077,1.098800018825208,-0.043688316826061946,1.112881782193436,-1.4214523243465416,0.5226081369310678,1.3799826923826,2.887964623432935,14.0
-0.4997754461155184,1.5048306627862889,3.8750671611129013,-1.5373349189787733,1.1615836883487762,-1.470342309556056,0.27642589615143226,-2.4526726077432746,2.2778574729432126,15.4
-0.4997754461155184,1.5048306627862889,3.8750671611129013,-0.17829771598020705,1.25149489971248,-1.4179925922145458,0.27642589615143226,-2.4526726077432746,0.6231388175559587,21.5
-0.4997754461155184,1.5048306627862889,0.8852410078800007,-0.32326168430005436,1.3526450124966471,-1.3389859223806095,0.27642589615143226,-2.4526726077432746,-1.1036220105828491,24.3
-0.4997754461155184,1.5048306627862889,3.8750671611129013,0.8260954930930198,1.3526450124966471,-1.3341082672436972,0.27642589615143226,-2.4526726077432746,-0.8874954923281875,23.3
-0.4997754461155184,1.5048306627862889,0.8852410078800007,-0.8720538500823324,1.0454483736706581,-0.9619885538334623,0.27642589615143226,-2.4526726077432746,0.06931461452838819,22.7
-0.4997754461155184,-1.0182274869222059,-0.18255404684603488,-1.6020509762644202,0.9218204580455652,-0.863244395771091,-0.4983240968903619,-1.3323579815526332,0.7559665735666362,23.1
-0.4997754461155184,-1.0182274869222059,-0.18255404684603488,0.582763117698992,0.7569832372121076,-0.8347725018323715,-0.4983240968903619,-1.3323579815526332,-0.5160280390779877,23.6
-0.4997754461155184,-1.0182274869222059,-0.18255404684603488,-0.8591106386252034,0.18005296429500708,-0.8032378942030328,-0.4983240968903619,-1.3323579815526332,-0.38094896516882376,22.6
-0.4997754461155184,-1.0182274869222059,-0.18255404684603488,0.9192866155843513,-1.1536300042666028,-0.5591282696766421,-0.4983240968903619,-1.3323579815526332,-1.3512669794163157,29.4
-0.4997754461155184,-1.0182274869222059,-0.18255404684603488,-0.4423392297056438,-0.6254016375048416,-0.31944256492558987,-0.4983240968903619,-1.3323579815526332,-0.2751370239399792,23.2
-0.4997754461155184,-1.0182274869222059,-0.18255404684603488,0.32131024626498195,0.3561290865489276,-0.4540885334724422,-0.4983240968903619,-1.3323579815526332,-1.135140461161654,24.6
-0.4997754461155184,-1.0182274869222059,-0.18255404684603488,1.7321202950920662,0.3935920912838043,-0.6822039865033773,-0.4983240968903619,-1.3323579815526332,-0.9933074335570322,29.9
-0.4997754461155184,-1.2765444513804485,-0.429832901624696,-1.5192144229387932,0.9705223642009048,-0.6410275024406078,-1.244111473369846,-0.6247908492217029,0.5961230027741261,26.4
-0.4997754461155184,-1.2765444513804485,-0.429832901624696,-0.09804980494600671,0.18379926476849454,-0.4755275293067766,-1.244111473369846,-0.6247908492217029,0.40926361719978316,29.6
3.436523927530773,-1.117330221714362,-1.0030702467934098,1.5302061963608495,-0.8539259663875893,-0.1868951224260136,0.2402226254485447,-2.157852969272054,-1.0473390631206976,32.0
3.436523927530773,-1.117330221714362,-1.0030702467934098,0.9451730384986092,-1.3034820232061095,0.2544192336241369,0.2402226254485447,-2.157852969272054,-1.5246184575997423,29.8
3.436523927530773,-1.117330221714362,-1.0030702467934098,1.418894577829538,-1.239794915156819,1.3394706339062898,0.2402226254485447,-2.157852969272054,-1.4953513249194235,30.5
-0.4997754461155184,0.04428380084943329,-0.41859295368021143,-0.7762740852995764,-1.5582304554032709,-0.0979629915576632,-0.6358965255613347,-0.15307942766774862,-0.10403686365503871,22.6
-0.4997754461155184,0.04428380084943329,-0.41859295368021143,0.3497853114706642,-0.4268477124099952,0.13429279664762747,-0.6358965255613347,-0.15307942766774862,-0.0815236846701778,24.4
-0.4997754461155184,0.04428380084943329,-0.41859295368021143,-1.0558474527735666,0.3299049832345138,0.13429279664762747,-0.6358965255613347,-0.15307942766774862,1.5146607053564383,22.5
-0.4997754461155184,0.04428380084943329,-0.41859295368021143,0.47662878375053147,-1.1836004080545042,-0.0979629915576632,-0.6358965255613347,-0.15307942766774862,-0.43948323052946126,28.1
-0.4997754461155184,0.04428380084943329,-0.41859295368021143,-0.022979178494655184,-0.8052240602322497,-0.0979629915576632,-0.6358965255613347,-0.15307942766774862,-0.41922136944308674,25.0
-0.4997754461155184,0.5804133497250312,0.267043870933349,1.1677962755612326,0.7944462419469843,-0.39532980414871044,-0.6431371797019122,-1.4502858369411233,-0.36969237567639374,28.7
-0.4997754461155184,-0.668930962654771,-0.21627389067948866,1.1056688605670122,0.6333553215870147,-0.4798380152417222,-0.41867690134400926,-0.860646559998681,-0.8402178164599802,30.1
-0.4997754461155184,-0.668930962654771,-0.24999373451294246,2.5164789093940962,0.599638617325626,-0.511826358232634,-0.41867690134400926,-0.860646559998681,-1.1193812358722515,31.6
-0.4997754461155184,-0.668930962654771,-0.24999373451294246,0.9348184693329047,-1.59194715966466,-0.42141958743917035,-0.41867690134400926,-0.860646559998681,-1.7047238894786272,31.5
-0.4997754461155184,-0.668930962654771,-0.24999373451294246,-0.5432962790712509,0.15757516145408076,-0.25331063597629344,-0.41867690134400926,-0.860646559998681,0.0715659324268742,24.3
-0.4997754461155184,-0.668930962654771,-0.24999373451294246,3.16105083995913,0.48724960312099597,-0.25331063597629344,-0.41867690134400926,-0.860646559998681,-1.3692775226042042,31.7
-0.4997754461155184,-0.668930962654771,-0.21627389067948866,-0.2714888384715363,-0.0896806697961051,-0.26442715233483727,-0.41867690134400926,-0.860646559998681,-0.1017855457565523,24.0
-0.4997754461155184,-0.668930962654771,-0.21627389067948866,3.0212641562221343,0.28869567802614915,0.01694548876075405,-0.41867690134400926,-0.860646559998681,-1.486346053325479,31.5
2.1244241363153424,-0.8752596072220465,-1.1042297782937713,0.7510248666416706,-1.7005898733958023,1.175048282256195,-0.46936148032805186,-1.3323579815526332,-1.1193812358722515,23.7
2.1244241363153424,-0.8752596072220465,-1.1042297782937713,1.0746051530699008,-0.8127166611792249,1.175048282256195,-0.46936148032805186,-1.3323579815526332,-0.8919981281251594,23.3
2.1244241363153424,-0.8752596072220465,-1.1042297782937713,1.827900059874822,-0.3594143038872173,1.2579684195837006,-0.46936148032805186,-1.3323579815526332,0.010780349167750688,22.0
2.1244241363153424,-0.8752596072220465,-1.1042297782937713,-0.24819105784870515,0.04518614724945072,1.2579684195837006,-0.46936148032805186,-1.3323579815526332,0.24041477481332868,20.1
2.1244241363153424,-0.8752596072220465,-1.1042297782937713,0.4326218647962913,-0.4118625105160446,1.6546465594390858,-0.46936148032805186,-1.3323579815526332,-0.0252407372080263,22.2
2.1244241363153424,-0.8752596072220465,-1.1042297782937713,0.5232243449961962,-2.1014440240589827,1.6546465594390858,-0.46936148032805186,-1.3323579815526332,-1.3827854299951203,23.7
1.4246375810004461,-0.7241685525389234,-1.0705099344603175,-1.5476894881444776,0.4722644012270451,2.1761019237271064,-0.25214185611072637,0.14174021080347252,0.26292795379818923,17.6
1.4246375810004461,-0.7241685525389234,-1.0705099344603175,-1.5166257806473664,0.2362474713973221,2.1761019237271064,-0.25214185611072637,0.14174021080347252,1.6047134212958811,18.5
1.4246375810004461,-0.7241685525389234,-1.0705099344603175,-0.21453870806016945,-1.0861965957438249,2.2331591454449384,-0.25214185611072637,0.14174021080347252,-0.48901222429615476,24.3
1.4246375810004461,-0.7241685525389234,-1.0705099344603175,0.09092108232808085,0.5734145140112122,2.2331591454449384,-0.25214185611072637,0.14174021080347252,-0.26613175234603476,20.5
1.4246375810004461,-0.7241685525389234,-1.0705099344603175,0.62677003665323,-0.5542219285085759,2.1032773981946047,-0.25214185611072637,0.14174021080347252,-0.4079647799506567,24.5
1.4246375810004461,-0.7241685525389234,-1.0705099344603175,1.3645330897095955,-1.738052878130679,2.1032773981946047,-0.25214185611072637,0.14174021080347252,-1.0743548779025305,26.2
1.4246375810004461,-0.7241685525389234,-1.0705099344603175,0.7665567203902262,-1.906636399437624,1.8595080751893938,-0.25214185611072637,0.14174021080347252,-1.2229418592026102,24.4
1.4246375810004461,-0.7241685525389234,-1.0705099344603175,0.6397132481103589,-2.0602347188506185,1.8595080751893938,-0.25214185611072637,0.14174021080347252,-1.7429962937528902,24.8
1.4246375810004461,-0.7241685525389234,-1.0705099344603175,1.9832185973603718,-2.1389070287938594,2.715933570158842,-0.25214185611072637,0.14174021080347252,-1.7565042011438066,29.6
1.2496909421717222,-0.5454587029137242,-0.6995916522923258,-0.8668765654994813,-0.8164629616527126,0.17632003451334702,-1.0268918491525205,-0.15307942766774862,0.3754938487224922,21.1
1.2496909421717222,-0.5454587029137242,-0.6995916522923258,0.12716207440804325,-1.7830084838125309,0.17632003451334702,-1.0268918491525205,-0.15307942766774862,-1.067600924207072,25.2
1.2496909421717222,-0.5454587029137242,-0.6995916522923258,0.8985774772529446,-0.1945770830537597,-0.11378701229252906,-1.0268918491525205,-0.15307942766774862,-0.8109506837796612,24.4
2.9991573304589627,-0.6348136277263239,-0.8906707673485639,1.7165884413435104,-0.7902388583382991,0.08460877455536009,-0.8024315707946176,-0.7427187046101908,-1.8803266855605396,32.0
2.9991573304589627,-0.6348136277263239,-0.8906707673485639,0.7536135089330972,-1.1910930090014795,0.012578285905611938,-0.8024315707946176,-0.7427187046101908,-0.9325218502979085,29.1
-0.4997754461155184,0.5852872547148092,-1.0030702467934098,-0.1653545045230781,-1.70433617386929,0.7852896066648013,-0.5490086758744045,-1.6861415477180994,-0.6195886624083462,23.9
-0.4997754461155184,0.5852872547148092,-1.0030702467934098,-0.4708142949113261,-0.8089703607057375,0.7852896066648013,-0.5490086758744045,-1.6861415477180994,-0.20984880488388327,21.7
-0.4997754461155184,0.5852872547148092,-1.0030702467934098,1.2609873980525617,-1.228556013736356,1.0448829504048782,-0.5490086758744045,-1.6861415477180994,-1.1396430969586262,28.6
-0.4997754461155184,0.5852872547148092,-1.0030702467934098,0.9270525424586291,-0.48304221951231024,1.0448829504048782,-0.5490086758744045,-1.6861415477180994,-0.8874954923281875,27.1
-0.4997754461155184,0.5852872547148092,-1.0030702467934098,-1.0377269567335865,-0.22080118636817347,1.2488369954320397,-0.5490086758744045,-1.6861415477180994,1.0148681318925332,20.3
2.4743174139727904,-0.686801947617291,-1.0480300385713484,1.0331868764070873,-0.880150069702003,0.7790507454431694,-0.2593825102513039,-1.6271776200238544,-0.41246741574762874,22.0
2.4743174139727904,-0.686801947617291,-1.0480300385713484,0.7872658587216329,-1.70433617386929,0.7790507454431694,-0.2593825102513039,-1.6271776200238544,-0.5993268013219717,26.4
2.3868440945584286,-1.3220342312850448,-0.6096720687364496,1.1004915759841587,-0.21705488589468577,-0.42431215036919967,-1.0341325032930981,-0.2710072830562388,-0.5407925359613343,28.4
2.3868440945584286,-1.3220342312850448,-0.6096720687364496,1.7036452298863816,0.23999377187080956,-0.5305429418975293,-1.0341325032930981,-0.2710072830562388,-0.8559770417493825,28.2
-0.4997754461155184,-0.06781601391546435,0.19960418326644144,1.14967577952125,0.6970424296363051,-0.4540885334724422,-0.4403988637657418,-0.2710072830562388,-1.5291210933967143,22.8
-0.4997754461155184,-0.06781601391546435,0.19960418326644144,-0.566594059694082,0.4797570021740205,-0.5760299118952443,-0.4403988637657418,-0.2710072830562388,-0.3066554745187838,20.3
-0.4997754461155184,-0.06781601391546435,0.19960418326644144,-3.1526477088285008,-0.9775538820126826,-0.9067462735619232,-0.4403988637657418,-0.2710072830562388,0.29444640437699415,16.1
-0.4997754461155184,-0.06781601391546435,0.19960418326644144,-0.17829771598020705,-0.41560881098953234,-0.8381755170441708,-0.4403988637657418,-0.2710072830562388,-1.2049313160147217,22.1
-0.4997754461155184,-0.06781601391546435,0.19960418326644144,-0.434573302831366,0.9930001670418311,-0.7283148426232554,-0.4403988637657418,-0.2710072830562388,0.08732515771627669,19.4
-0.4997754461155184,-0.06781601391546435,0.19960418326644144,0.19446677398511467,0.708281331056768,-0.4851126888200109,-0.4403988637657418,-0.2710072830562388,-0.7726782795053982,21.6
-0.4997754461155184,-0.06781601391546435,0.19960418326644144,0.9736481037042938,0.8768648523637131,-0.2925587447523767,-0.4403988637657418,-0.2710072830562388,-0.4619964095143222,23.8
-0.4997754461155184,-0.06781601391546435,0.19960418326644144,-1.257761551504783,0.5172200069088972,-0.09818985923844979,-0.4403988637657418,-0.2710072830562388,0.03779616394958323,16.2
-0.4997754461155184,-0.06781601391546435,0.19960418326644144,-0.7167353125967828,0.723266532950719,-0.06778959001304403,-0.4403988637657418,-0.2710072830562388,1.5754462886155618,17.8
-0.4997754461155184,-0.06781601391546435,0.19960418326644144,-1.0584360950649934,0.2924419784996371,-0.049016289427952345,-0.4403988637657418,-0.2710072830562388,1.0373813108773937,19.8
-0.4997754461155184,-0.06781601391546435,0.19960418326644144,0.49474927979051153,0.12385845719269206,-0.3321471550496398,-0.4403988637657418,-0.2710072830562388,-0.21885407647782773,23.1
-0.4997754461155184,-0.06781601391546435,0.19960418326644144,-0.20159549660303822,-0.19083078258027225,-0.0659179316465546,-0.4403988637657418,-0.2710072830562388,0.31470826546336866,21.0
-0.4997754461155184,-0.47722403305683003,-0.373633161902273,0.6086495406132499,-0.43434031335697065,0.2395026836124174,-0.5634899841555595,0.43655984927469366,-0.9302705323994225,23.8
-0.4997754461155184,-0.47722403305683003,-0.373633161902273,0.4792174260419582,-0.3594143038872173,0.2395026836124174,-0.5634899841555595,0.43655984927469366,-1.0045640230494624,23.1
-0.4997754461155184,-0.47722403305683003,-0.373633161902273,-0.3879777415856991,-0.5242515247206746,0.3419901584077678,-0.5634899841555595,0.43655984927469366,-0.8177046374751195,20.4
-0.4997754461155184,-0.47722403305683003,-0.373633161902273,-1.2499956246305053,0.3898457908103163,0.3419901584077678,-0.5634899841555595,0.43655984927469366,0.09182779351324871,18.5
-0.4997754461155184,-0.47722403305683003,-0.373633161902273,0.5801744754075653,-0.891388971122466,0.3419901584077678,-0.5634899841555595,0.43655984927469366,-1.1734128654359168,25.0
-0.4997754461155184,-0.47722403305683003,-0.373633161902273,0.6215927520703788,-1.8429492913883339,0.7360593199341071,-0.5634899841555595,0.43655984927469366,-1.4075499268784673,24.6
-0.4997754461155184,-0.47722403305683003,-0.373633161902273,0.3135443193907041,-1.3109746241530849,0.7360593199341071,-0.5634899841555595,0.43655984927469366,-1.1666589117404587,23.0
-0.4997754461155184,-0.47722403305683003,-0.373633161902273,-0.27925476534581417,-0.7565221540769099,0.7360593199341071,-0.5634899841555595,0.43655984927469366,0.3282161728542847,22.2
-0.4997754461155184,-1.1498229216462164,-0.7445514440702642,-0.83581285800237,-1.4271099388312023,0.6218881595782463,0.4719235579470252,-1.1554661984699022,-0.3066554745187838,19.3
-0.4997754461155184,-1.1498229216462164,-0.7445514440702642,0.36790580751064655,-1.7492917795511422,0.6218881595782463,0.4719235579470252,-1.1554661984699022,-0.8987520818206177,22.6
-0.4997754461155184,-1.1498229216462164,-0.7445514440702642,-0.12134758556883787,-1.1873467085279916,0.9956526636741841,0.4719235579470252,-1.1554661984699022,-0.5047714495855572,19.8
2.5617907333871526,-0.6916758526070692,-0.9929542936433736,-1.2551729092133563,-1.3297061265205232,1.430728158502703,-0.4403988637657418,-1.1554661984699022,0.24716872850878674,17.1
2.5617907333871526,-0.6916758526070692,-0.9929542936433736,-0.4138641644999592,-1.5207674506683941,1.430728158502703,-0.4403988637657418,-1.1554661984699022,-0.7884375047948007,19.4
-0.4997754461155184,-0.8330190973106357,-0.1263543071236119,0.32389888855640636,-0.9663149805922193,1.3273332129842064,-1.0196511950119431,0.7903434154401577,-1.2724708529693036,22.2
-0.4997754461155184,-0.8330190973106357,-0.1263543071236119,0.3083670348078507,-0.9513297786982687,1.3273332129842064,-1.0196511950119431,0.7903434154401577,-1.0315798378312953,20.7
-0.4997754461155184,-0.8330190973106357,-0.1263543071236119,-0.3983323107514036,-1.1011817976377754,1.0590054635338446,-1.0196511950119431,0.7903434154401577,-0.7479137826220517,21.1
-0.4997754461155184,-0.8330190973106357,-0.1263543071236119,-0.8332242157109456,-0.6591183417662307,0.6312464514106938,-1.0196511950119431,0.7903434154401577,-0.34492787879304676,19.5
-0.4997754461155184,-0.8330190973106357,-0.1263543071236119,-0.7659195161338742,-0.16086037879237075,0.8489827080456418,-1.0196511950119431,0.7903434154401577,-0.17382771850810627,18.5
-0.4997754461155184,-0.8330190973106357,-0.1263543071236119,-0.3413821803400344,-0.9962853843801208,0.3936592727069179,-1.0196511950119431,0.7903434154401577,-0.6353478876977487,20.6
-0.4997754461155184,-0.8330190973106357,-0.1263543071236119,-0.5329417099055463,-0.6928350460276197,0.3936592727069179,-1.0196511950119431,0.7903434154401577,-0.35843578618396327,19.0
-0.4997754461155184,-0.8330190973106357,-0.1263543071236119,-0.5769486288597866,-0.20206968400073513,0.3936592727069179,-1.0196511950119431,0.7903434154401577,-0.45974509161583615,18.7
-0.4997754461155184,-1.3691486461862334,-0.09263446329015809,0.9037547618357956,-0.15711407831888302,1.218720310807617,0.41399832482240506,-1.7451054754123434,-0.6038294371189438,16.5
-0.4997754461155184,-0.9629898970380535,-0.9468705070709869,-0.4578710834541972,-0.5766997313495019,2.209394755882541,-0.09284746501802103,-0.03515157227926059,-0.18058167220356472,17.5
-0.4997754461155184,-0.9629898970380535,-0.9468705070709869,-0.7581535892595964,-0.43434031335697065,2.209394755882541,-0.09284746501802103,-0.03515157227926059,0.3012003580724522,17.2
2.9991573304589627,-1.4731252859681678,-1.0929898303492867,1.936623036114707,-1.1011817976377754,2.650935979613478,-0.2159385854078388,0.4955237769689366,-1.2251931771010964,26.6
2.9991573304589627,-1.4731252859681678,-1.0929898303492867,0.774322647264504,-0.7302980507624964,2.650935979613478,-0.2159385854078388,0.4955237769689366,-1.2049313160147217,22.9
-0.4997754461155184,1.2643846832905667,2.739832418719958,-0.20418413889446493,0.652086823954453,-0.9125881163421783,2.180717935123319,0.7903434154401577,0.3012003580724522,22.6
-0.4997754461155184,1.2643846832905667,2.739832418719958,0.536167556453325,0.9030889556781269,-0.9074268766042829,2.180717935123319,0.7903434154401577,-0.797442776388745,25.0
-0.4997754461155184,1.2643846832905667,2.739832418719958,0.15563713961372785,1.0192242703562444,-1.0337354578822273,2.180717935123319,0.7903434154401577,0.6434006786423332,19.9
-0.4997754461155184,1.2643846832905667,2.739832418719958,-2.145665857463847,1.2102855945041158,-1.1425752277396029,2.180717935123319,0.7903434154401577,-0.2571264807520907,20.8
-0.4997754461155184,1.2643846832905667,1.9530360626060361,-1.7366603754185652,1.3526450124966471,-1.4661452574615035,2.180717935123319,0.7903434154401577,2.9780173393723772,12.3
-0.4997754461155184,1.2643846832905667,1.9530360626060361,-2.0731838733039245,1.311435707288283,-1.3555472630780319,2.180717935123319,0.7903434154401577,2.1427783990340497,11.5
-0.4997754461155184,1.2643846832905667,1.9530360626060361,-1.2370524131733762,1.240255998292017,-1.2430208934078741,2.180717935123319,0.7903434154401577,1.3007855050002626,15.1
-0.4997754461155184,1.2643846832905667,1.9530360626060361,-0.3620913186714412,0.6970424296363051,-1.1061629649733522,2.180717935123319,0.7903434154401577,1.672252958250463,23.2
-0.4997754461155184,1.2643846832905667,1.874356426994644,0.005495886711027099,1.0754187774585593,-1.3197588864339445,2.180717935123319,0.7903434154401577,0.8640298326939672,13.8
-0.4997754461155184,1.2643846832905667,1.874356426994644,0.7251384437274127,1.3076894068147948,-1.3569084691627518,2.180717935123319,0.7903434154401577,1.303036822898749,13.1
-0.4997754461155184,1.2643846832905667,1.874356426994644,0.5542880524933074,1.2027929935571404,-1.3846430431389145,2.180717935123319,0.7903434154401577,1.8095833500581124,12.5
-0.4997754461155184,1.2643846832905667,2.40263398038542,0.0728005862881008,1.3526450124966471,-1.1986115448938954,2.180717935123319,0.7903434154401577,1.1837169742789877,18.4
-0.4997754461155184,1.2643846832905667,2.099155385884336,1.201448625349768,1.285211603973869,-0.9998754565248261,2.180717935123319,0.7903434154401577,1.4403672147063986,15.2
-0.4997754461155184,1.2643846832905667,2.099155385884336,0.274714685019315,1.0454483736706581,-0.9925022568992614,2.180717935123319,0.7903434154401577,1.3368065913760396,16.1
-0.4997754461155184,1.2643846832905667,2.099155385884336,3.111866636422039,1.3264209091822332,-0.9445764593330901,2.180717935123319,0.7903434154401577,1.2174867427562783,17.8
-0.4997754461155184,1.2643846832905667,2.099155385884336,-0.2844320499286653,0.768222138632571,-0.7943900546523553,2.180717935123319,0.7903434154401577,0.7582178914651222,20.0
-0.4997754461155184,1.2643846832905667,2.099155385884336,0.4792174260419582,0.9180741575720778,-0.8796923026281201,2.180717935123319,0.7903434154401577,0.7469613019726922,17.7
-0.4997754461155184,1.2643846832905667,2.099155385884336,0.32648753084783305,0.7157739320037435,-0.784804895139121,2.180717935123319,0.7903434154401577,0.5983743206726122,19.5
-0.4997754461155184,1.2643846832905667,2.099155385884336,0.8338614199672976,0.9742686646743928,-0.7466911247669706,2.180717935123319,0.7903434154401577,-0.2346133017672302,20.2
-0.4997754461155184,1.2643846832905667,1.4472384051042306,0.04691416337384062,0.05642504866991415,-0.6549231478887875,2.180717935123319,0.7903434154401577,0.42502284248918565,21.4
-0.4997754461155184,1.2643846832905667,0.6042423092678857,-0.0618088128660443,0.7532369367386201,-0.615221303751131,2.180717935123319,0.7903434154401577,1.1161774373244058,19.9
-0.4997754461155184,1.2643846832905667,0.06472480793262628,0.09868700920235868,1.004239068462294,-0.5778448533415372,2.180717935123319,0.7903434154401577,0.34622671604217325,19.6
-0.4997754461155184,1.2643846832905667,0.6042423092678857,0.6371246058189345,0.41606989412473006,-0.6928667675003478,2.180717935123319,0.7903434154401577,0.6816730829165962,23.2
-0.4997754461155184,1.2643846832905667,0.9864005393803621,2.0427573700631676,0.13884365908664242,-0.899089489335375,2.180717935123319,0.7903434154401577,0.07381725032536021,29.8
-0.4997754461155184,1.2643846832905667,0.6492021010458241,-1.9774041085211687,1.1803151907162146,-0.9575646340581234,2.180717935123319,0.7903434154401577,1.532671248544327,13.8
-0.4997754461155184,1.2643846832905667,0.9864005393803621,0.7587907935159484,1.112881782193436,-1.0281771997029556,2.180717935123319,0.7903434154401577,1.654242415062574,16.7
-0.4997754461155184,1.2643846832905667,0.06472480793262628,0.13233935899089438,0.030200945355500372,-0.3935715796226143,2.180717935123319,0.7903434154401577,-0.13330399633535728,23.0
-0.4997754461155184,1.2643846832905667,0.06472480793262628,1.4473696430352225,0.4123235936512426,-0.44603473080451744,2.180717935123319,0.7903434154401577,-0.8086993658811752,23.7
-0.4997754461155184,1.2643846832905667,0.06472480793262628,2.2524373956686596,0.4909959035944834,-0.4012850807693589,2.180717935123319,0.7903434154401577,-0.9730455724706577,25.0
-0.4997754461155184,1.2643846832905667,0.06472480793262628,-1.1102089408935114,-0.8838963701754908,-0.011242820576981873,2.180717935123319,0.7903434154401577,-0.20534616908691125,21.8
-0.4997754461155184,1.2643846832905667,0.6379621531013395,-0.8280469311280921,-0.823955562599688,-0.2235342528730509,2.180717935123319,0.7903434154401577,0.4520386572710182,20.6
-0.4997754461155184,1.2643846832905667,0.6379621531013395,0.3135443193907041,-0.4493255152509213,-0.07170305750661324,2.180717935123319,0.7903434154401577,-0.16932508271113425,21.2
-0.4997754461155184,1.2643846832905667,0.6379621531013395,-0.1990068543116138,0.5958923168521381,-0.3245470877432885,2.180717935123319,0.7903434154401577,0.8212547926227322,19.1
-0.4997754461155184,1.2643846832905667,0.6379621531013395,-0.740033093219614,-0.4006236090955814,-0.5477848856373116,2.180717935123319,0.7903434154401577,0.02653957445715277,20.6
-0.4997754461155184,2.830532820005949,0.9302007996579391,-1.9075107666526705,1.0791650779320474,-1.3029139611355387,2.506547371449307,0.7313794877459148,1.5146607053564383,15.2
-0.4997754461155184,2.830532820005949,0.9302007996579391,-0.5381189944883998,1.3076894068147948,-1.2761435748027188,2.506547371449307,0.7313794877459148,1.5169120232549247,13.6
-0.4997754461155184,2.830532820005949,0.9302007996579391,-0.5381189944883998,0.7345054343711819,-1.1390020617672139,2.506547371449307,0.7313794877459148,0.4542899751695042,20.1
-0.4997754461155184,-0.10193334884391161,0.6604420489903087,-1.252584266921932,-0.3706532053076802,-0.9848454726727133,0.1895380464645021,0.20070413849771548,0.15261337677237224,21.8
-0.4997754461155184,-0.10193334884391161,0.6604420489903087,-0.6856716050996715,-0.7977314592852743,-0.9848454726727133,0.1895380464645021,0.20070413849771548,0.5083216047331697,24.5
-0.4997754461155184,-0.10193334884391161,0.6604420489903087,-1.3483640317046879,-1.3147209246265723,-0.7483926323728703,0.1895380464645021,0.20070413849771548,1.41110008202608,23.1
-0.4997754461155184,-0.10193334884391161,0.6604420489903087,-2.0731838733039245,0.33739758418148924,-0.7483926323728703,0.1895380464645021,0.20070413849771548,2.208066618090145,19.7
-0.4997754461155184,-0.10193334884391161,0.6604420489903087,-1.0273723875678842,0.25123267329127247,-0.6950220104678205,0.1895380464645021,0.20070413849771548,0.6231388175559587,18.3
-0.4997754461155184,-0.10193334884391161,0.6604420489903087,-0.44492787199706824,0.052678748196426164,-0.9693050365388305,0.1895380464645021,0.20070413849771548,0.3574833055346037,21.2
-0.4997754461155184,-0.10193334884391161,0.6604420489903087,-1.609816903138698,0.35987538702241506,-0.9745229931969225,0.1895380464645021,0.20070413849771548,0.8482706074045647,17.5
-0.4997754461155184,-0.10193334884391161,0.6604420489903087,-0.4242187336656615,0.5921460163786506,-0.9187702606436133,0.1895380464645021,0.20070413849771548,0.6749191292211382,16.8
-0.4997754461155184,0.2619848903928578,0.5255626736564936,1.040952803281365,0.19503816618895745,-0.9298867770021572,-0.6648591421236447,1.262054836994112,-0.37419501147336576,22.4
-0.4997754461155184,0.2619848903928578,0.5255626736564936,-0.18347500056305815,0.4797570021740205,-1.0382728114979596,-0.6648591421236447,1.262054836994112,-0.5070227674840432,20.6
-0.4997754461155184,0.2619848903928578,0.5255626736564936,2.032402800897463,1.015477969882757,-1.1063331157339422,-0.6648591421236447,1.262054836994112,-1.281476124563248,23.9
-0.4997754461155184,0.2619848903928578,0.5255626736564936,1.5612699038579587,0.9517908618334665,-0.9807618544185542,-0.6648591421236447,1.262054836994112,-1.0923654210904188,22.0
-0.4997754461155184,0.2619848903928578,0.5255626736564936,-0.41645280679138363,0.6333553215870147,-0.9149135100702411,-0.6648591421236447,1.262054836994112,-0.7771809153023704,11.9
